snapshot_id,store_id,product_id,date_id,inventory_level
1,3,11,107,90
2,1,24,193,119
3,5,20,151,134
4,2,23,82,58
5,1,2,160,87
6,2,21,88,97
7,5,19,345,176
8,3,11,334,158
9,2,21,11,58
10,5,16,128,5
11,2,12,139,61
12,1,2,312,40
13,1,1,42,4
14,4,15,149,90
15,1,20,161,82
16,5,8,222,78
17,5,17,211,50
18,5,23,239,116
19,1,19,31,1
20,5,1,364,182
21,4,9,63,65
22,3,25,203,169
23,3,7,79,47
24,2,9,194,71
25,4,28,154,103
26,5,16,328,169
27,3,27,181,101
28,5,28,84,167
29,5,5,12,175
30,3,9,357,76
31,5,22,346,138
32,1,11,270,58
33,4,29,229,31
34,1,29,269,74
35,3,27,249,55
36,5,13,287,88
37,3,24,2,31
38,1,5,201,51
39,4,3,179,5
40,3,11,27,155
41,3,7,295,161
42,5,7,213,69
43,4,17,323,67
44,2,29,340,144
45,3,8,161,121
46,2,16,71,52
47,2,6,335,39
48,2,4,288,197
49,1,8,154,33
50,4,3,50,63
51,3,3,192,131
52,1,6,292,28
53,4,3,182,160
54,1,9,264,73
55,3,9,233,77
56,2,10,264,169
57,5,20,139,48
58,5,28,329,71
59,1,18,140,181
60,3,9,230,65
61,1,6,93,191
62,3,13,277,133
63,2,23,55,8
64,4,9,157,170
65,4,7,365,19
66,5,28,191,148
67,3,8,58,124
68,5,16,287,133
69,1,22,122,35
70,3,16,143,79
71,2,18,267,152
72,4,29,269,9
73,3,11,315,181
74,3,14,87,26
75,3,3,116,118
76,4,7,77,176
77,4,27,210,172
78,2,4,107,195
79,4,5,335,51
80,3,22,29,190
81,5,25,147,171
82,3,23,348,168
83,3,21,17,4
84,4,11,82,145
85,1,6,306,47
86,1,19,328,146
87,3,24,234,179
88,1,22,106,51
89,3,18,207,194
90,5,1,343,166
91,4,16,274,22
92,3,29,290,54
93,5,2,1,137
94,4,5,309,79
95,2,17,237,130
96,4,8,19,16
97,2,19,100,126
98,2,9,199,172
99,5,14,134,76
100,2,15,43,23
101,4,19,43,137
102,1,16,248,10
103,5,29,166,188
104,2,23,48,90
105,4,3,202,109
106,3,14,71,130
107,3,5,315,52
108,5,11,307,58
109,3,6,55,153
110,4,11,258,164
111,1,17,56,92
112,2,16,1,101
113,2,28,53,184
114,5,6,45,59
115,4,19,16,93
116,1,19,175,163
117,2,2,202,54
118,5,16,231,16
119,3,27,204,166
120,3,3,25,96
121,2,24,286,104
122,4,11,181,37
123,2,30,217,41
124,4,20,191,91
125,5,19,156,46
126,2,9,79,93
127,4,5,341,132
128,2,13,46,83
129,3,21,161,30
130,1,26,113,50
131,1,7,341,78
132,4,7,244,119
133,1,3,104,29
134,1,12,284,163
135,3,25,352,16
136,2,28,226,81
137,4,26,102,107
138,1,3,344,108
139,5,3,128,134
140,4,13,218,42
141,2,16,3,105
142,2,19,139,181
143,1,12,9,138
144,1,18,265,64
145,5,13,285,163
146,3,7,32,180
147,5,9,298,170
148,3,26,235,183
149,5,9,154,135
150,5,9,137,138
151,1,29,159,47
152,1,28,331,128
153,1,14,158,142
154,5,6,234,135
155,3,27,107,7
156,4,26,23,26
157,2,2,267,2
158,4,22,96,109
159,1,9,84,21
160,1,27,177,191
161,2,9,182,16
162,5,4,278,176
163,3,11,313,194
164,2,12,210,50
165,3,28,236,28
166,5,3,352,71
167,4,8,98,173
168,4,3,198,183
169,3,4,155,200
170,4,17,50,114
171,1,27,319,10
172,3,5,357,39
173,2,28,94,108
174,4,7,183,147
175,5,11,335,160
176,1,17,46,11
177,2,26,364,36
178,3,8,45,110
179,4,3,138,32
180,1,16,136,149
181,4,24,125,152
182,3,10,155,24
183,5,24,80,142
184,3,28,79,145
185,2,12,35,180
186,1,27,72,36
187,1,12,8,147
188,4,25,342,107
189,2,13,304,188
190,5,16,320,150
191,3,23,237,54
192,2,27,31,156
193,4,1,119,127
194,2,27,87,142
195,4,21,297,97
196,2,20,121,177
197,4,1,90,109
198,3,13,236,100
199,2,11,248,102
200,2,29,285,96
201,2,12,351,138
202,4,1,13,153
203,1,8,241,125
204,2,9,34,42
205,3,23,155,194
206,2,26,146,144
207,3,17,218,99
208,4,14,34,97
209,2,20,56,148
210,4,24,149,193
211,4,18,172,90
212,5,30,1,199
213,1,19,171,17
214,1,13,24,1
215,4,20,289,12
216,1,2,357,156
217,3,19,361,51
218,1,23,179,64
219,5,29,218,49
220,3,6,181,52
221,1,14,307,50
222,1,12,32,176
223,2,29,90,50
224,4,24,277,166
225,3,17,54,11
226,5,29,18,44
227,2,1,175,47
228,2,4,304,184
229,1,25,70,65
230,5,15,294,101
231,2,17,220,72
232,2,7,318,8
233,2,19,211,176
234,3,14,9,80
235,3,7,89,53
236,1,23,74,138
237,2,16,285,134
238,1,1,231,121
239,3,1,13,110
240,2,8,360,191
241,3,25,359,196
242,1,2,46,37
243,2,24,235,199
244,1,19,29,155
245,1,21,114,15
246,2,9,282,171
247,1,14,300,10
248,2,11,179,185
249,4,13,294,112
250,1,19,309,88
251,2,27,60,176
252,4,28,310,34
253,3,21,24,194
254,5,20,279,14
255,3,28,256,124
256,5,4,225,13
257,4,4,99,32
258,1,6,227,149
259,1,15,99,3
260,2,4,360,82
261,5,6,241,78
262,3,14,125,146
263,4,27,129,46
264,1,7,320,110
265,1,24,281,77
266,3,9,23,120
267,5,15,288,198
268,5,9,156,188
269,4,2,58,69
270,2,22,333,46
271,2,10,234,101
272,3,10,94,54
273,4,10,174,119
274,2,13,87,71
275,3,16,315,15
276,4,5,68,187
277,1,10,198,169
278,4,1,303,197
279,4,10,204,199
280,5,10,174,102
281,5,21,282,139
282,2,17,275,23
283,5,13,173,53
284,4,29,257,37
285,4,14,10,46
286,3,2,184,61
287,4,15,173,25
288,2,25,7,30
289,3,17,361,77
290,1,13,337,113
291,5,13,205,65
292,3,3,211,33
293,4,18,298,159
294,5,4,128,151
295,1,8,129,160
296,1,7,186,112
297,2,22,9,59
298,3,29,334,77
299,3,19,276,55
300,3,5,123,36
301,1,16,25,161
302,2,28,107,36
303,4,9,205,84
304,2,15,266,53
305,4,16,282,167
306,2,11,216,74
307,3,12,11,87
308,1,13,202,105
309,3,15,290,162
310,2,2,272,102
311,1,24,139,77
312,5,6,152,131
313,4,22,245,154
314,5,28,183,86
315,4,22,185,154
316,4,28,103,154
317,1,18,131,79
318,4,21,151,167
319,3,23,221,75
320,4,29,194,170
321,4,17,190,41
322,3,29,4,130
323,4,4,123,105
324,2,13,325,74
325,1,5,289,131
326,3,14,322,95
327,1,14,289,109
328,4,28,334,177
329,5,9,36,45
330,1,12,188,102
331,4,25,275,144
332,1,14,242,164
333,3,8,183,133
334,3,2,288,13
335,2,12,216,66
336,5,7,91,46
337,4,2,116,82
338,1,8,143,100
339,1,20,3,131
340,5,13,221,7
341,2,24,89,96
342,1,30,234,91
343,1,29,150,67
344,3,16,119,189
345,4,10,261,126
346,5,28,210,199
347,3,9,91,200
348,4,26,83,77
349,2,17,148,1
350,5,22,9,174
351,3,29,299,13
352,3,9,237,90
353,1,30,109,118
354,5,19,162,81
355,1,17,177,132
356,3,13,154,4
357,4,16,219,72
358,3,14,240,15
359,2,12,43,161
360,4,26,229,34
361,4,7,139,196
362,5,12,290,193
363,1,14,270,13
364,1,19,233,50
365,2,18,18,169
366,2,9,326,40
367,1,27,184,87
368,2,21,29,73
369,1,7,15,168
370,3,19,275,16
371,1,5,322,33
372,3,24,289,51
373,4,4,62,146
374,1,5,306,126
375,5,2,246,149
376,5,4,113,132
377,4,12,257,67
378,1,12,26,128
379,4,15,340,165
380,3,7,28,43
381,2,10,308,8
382,3,21,16,194
383,2,25,7,166
384,1,10,333,118
385,5,25,216,23
386,4,22,124,87
387,5,5,19,119
388,3,5,277,52
389,1,19,301,28
390,5,22,358,9
391,1,29,222,96
392,1,6,205,89
393,2,25,223,72
394,2,10,58,30
395,3,20,152,191
396,5,22,31,193
397,4,2,357,131
398,2,19,256,132
399,1,10,341,8
400,2,14,26,18
401,2,7,351,48
402,1,6,143,9
403,4,18,90,144
404,4,15,294,67
405,5,10,125,21
406,3,28,213,141
407,5,25,54,95
408,4,20,221,93
409,5,30,149,16
410,4,14,174,70
411,5,12,103,41
412,5,3,308,5
413,5,7,84,160
414,5,27,247,122
415,1,3,64,169
416,2,13,25,24
417,3,22,336,199
418,2,23,15,119
419,2,23,232,149
420,1,2,182,146
421,5,6,50,121
422,4,22,245,167
423,3,16,101,43
424,2,20,264,191
425,5,3,195,4
426,4,23,221,152
427,2,6,19,181
428,3,29,13,4
429,2,9,52,26
430,3,7,2,152
431,5,8,97,74
432,5,8,224,35
433,4,22,243,51
434,4,11,87,96
435,4,10,316,143
436,2,14,103,159
437,4,1,313,111
438,4,16,241,13
439,5,28,123,64
440,4,9,246,134
441,4,22,222,93
442,5,18,124,46
443,5,29,174,58
444,2,7,211,70
445,1,6,50,14
446,1,15,93,103
447,3,29,345,31
448,5,6,75,9
449,5,15,43,121
450,5,25,275,164
451,4,6,240,63
452,3,26,136,113
453,3,21,102,137
454,5,2,361,183
455,2,10,18,121
456,4,14,169,21
457,5,5,216,54
458,5,22,11,62
459,5,24,168,70
460,4,21,242,36
461,4,29,95,109
462,5,4,33,142
463,5,11,147,85
464,5,21,287,97
465,2,12,266,89
466,3,14,328,57
467,3,20,162,143
468,2,25,319,174
469,1,23,81,15
470,3,25,220,2
471,4,5,237,20
472,1,5,228,77
473,3,20,264,82
474,3,22,240,98
475,2,8,230,178
476,4,11,325,50
477,3,3,112,15
478,4,30,24,158
479,3,1,126,172
480,2,22,143,38
481,4,1,48,144
482,1,19,357,130
483,2,1,363,128
484,2,20,30,18
485,1,26,107,98
486,4,2,356,153
487,5,16,30,52
488,1,12,111,84
489,2,19,149,122
490,1,2,302,25
491,2,28,175,159
492,2,17,4,97
493,1,12,180,131
494,4,15,53,135
495,4,23,173,35
496,4,15,59,47
497,5,8,94,45
498,2,30,79,98
499,2,23,169,75
500,3,1,139,94
501,5,27,59,20
502,3,13,22,57
503,2,18,163,166
504,1,3,357,138
505,3,17,71,98
506,2,4,206,23
507,5,22,224,30
508,5,22,312,139
509,5,3,237,133
510,1,18,60,144
511,4,30,144,48
512,2,19,352,162
513,1,22,196,174
514,3,2,162,135
515,1,18,174,20
516,3,2,97,87
517,1,14,62,184
518,2,5,164,49
519,2,4,101,178
520,5,5,218,109
521,3,21,29,36
522,3,18,293,194
523,3,21,208,192
524,1,20,182,63
525,1,26,132,194
526,1,27,54,52
527,2,13,172,35
528,2,26,158,160
529,1,20,294,46
530,4,29,133,182
531,1,19,245,144
532,4,26,253,141
533,3,1,160,97
534,5,17,316,14
535,4,27,213,30
536,3,25,147,166
537,2,1,25,197
538,5,20,213,165
539,1,1,219,33
540,5,10,223,71
541,5,18,113,23
542,2,3,208,159
543,2,30,17,86
544,3,13,124,61
545,3,13,111,15
546,3,16,12,180
547,1,3,279,83
548,4,10,240,39
549,4,12,6,17
550,5,18,34,124
551,4,9,60,120
552,3,4,4,150
553,2,29,133,178
554,1,19,10,73
555,5,15,40,89
556,5,23,26,189
557,3,17,39,174
558,2,15,87,47
559,3,14,179,41
560,4,1,241,135
561,5,7,337,102
562,1,6,11,24
563,4,15,191,112
564,4,12,149,106
565,1,10,134,111
566,3,25,159,187
567,2,1,186,69
568,4,26,254,166
569,2,23,316,131
570,2,30,167,78
571,1,8,29,60
572,3,9,240,42
573,3,19,209,18
574,2,26,64,158
575,2,22,112,92
576,1,15,278,118
577,3,3,267,73
578,4,11,256,186
579,1,26,47,196
580,2,6,218,80
581,5,8,218,184
582,2,17,33,94
583,4,16,183,1
584,4,24,260,48
585,3,6,111,76
586,1,5,97,18
587,1,29,354,196
588,3,13,234,26
589,5,24,27,51
590,2,5,260,104
591,1,2,229,186
592,3,4,99,148
593,4,9,81,126
594,3,11,330,92
595,2,21,319,150
596,5,8,242,108
597,5,17,284,122
598,3,10,42,150
599,1,10,289,158
600,3,13,171,154
601,2,26,67,11
602,3,26,55,78
603,4,3,109,0
604,2,29,4,177
605,3,18,320,66
606,4,22,353,195
607,5,18,120,61
608,4,17,241,66
609,1,28,356,200
610,5,24,223,57
611,4,3,326,91
612,2,10,351,62
613,2,30,171,55
614,2,11,163,193
615,5,15,270,31
616,5,12,90,162
617,4,11,12,177
618,1,3,199,1
619,1,10,273,117
620,2,10,169,14
621,4,21,137,197
622,4,8,272,27
623,5,5,171,55
624,5,14,215,113
625,5,21,200,7
626,5,10,191,159
627,1,24,84,118
628,2,13,98,190
629,5,1,122,108
630,1,16,111,166
631,4,2,300,1
632,3,16,54,184
633,2,3,340,180
634,4,6,174,134
635,2,6,73,30
636,3,2,160,14
637,2,17,144,194
638,3,28,117,101
639,1,13,214,39
640,5,19,257,8
641,5,22,131,179
642,3,1,169,192
643,2,19,27,135
644,2,12,211,4
645,4,30,354,49
646,1,21,34,183
647,4,5,347,105
648,3,10,344,134
649,4,5,57,142
650,4,17,95,1
651,5,11,9,128
652,3,8,249,70
653,2,7,180,158
654,4,20,80,60
655,5,28,198,163
656,5,8,217,79
657,4,10,109,151
658,3,13,42,128
659,1,22,341,192
660,4,21,176,43
661,4,3,338,185
662,5,13,289,44
663,2,26,293,47
664,3,13,358,118
665,2,19,24,28
666,3,10,265,81
667,2,19,279,110
668,5,12,26,114
669,1,24,341,159
670,2,22,124,85
671,5,1,223,177
672,2,21,12,144
673,4,29,279,189
674,3,19,225,52
675,3,9,36,12
676,4,3,181,132
677,2,4,296,20
678,2,11,74,47
679,1,8,37,12
680,2,6,114,101
681,4,1,96,191
682,5,13,317,149
683,2,24,100,5
684,3,24,33,101
685,5,2,323,92
686,4,11,269,119
687,5,10,252,40
688,2,27,195,80
689,5,9,31,189
690,4,23,25,56
691,2,20,265,157
692,1,8,65,177
693,4,16,90,103
694,3,9,158,9
695,3,24,252,83
696,4,14,293,134
697,4,18,294,190
698,3,24,316,91
699,2,5,196,36
700,1,26,32,132
701,5,1,163,87
702,5,17,134,60
703,1,10,322,160
704,4,4,35,115
705,3,10,302,114
706,2,20,160,1
707,1,13,209,21
708,2,25,31,177
709,2,20,286,76
710,2,15,107,60
711,4,21,264,2
712,4,17,1,106
713,3,10,220,112
714,4,4,89,143
715,5,12,312,25
716,3,20,254,28
717,5,7,352,35
718,2,23,177,24
719,5,21,69,39
720,1,3,72,43
721,3,21,165,71
722,3,30,277,94
723,3,7,357,25
724,1,12,66,2
725,1,20,256,138
726,4,15,207,132
727,2,21,280,13
728,4,22,177,172
729,2,6,7,66
730,3,10,143,115
731,1,10,10,66
732,1,4,326,14
733,4,10,326,71
734,5,20,339,149
735,3,1,7,169
736,1,1,319,149
737,4,12,1,147
738,2,30,170,104
739,4,4,30,151
740,2,3,128,144
741,4,26,333,49
742,1,22,312,59
743,3,14,320,197
744,2,25,66,31
745,2,3,55,14
746,4,22,101,183
747,1,5,265,176
748,3,6,241,182
749,4,2,138,193
750,4,16,115,186
751,4,30,358,143
752,2,20,133,159
753,3,3,323,132
754,3,27,248,28
755,4,15,175,114
756,5,12,199,187
757,2,28,335,67
758,3,24,360,153
759,4,5,20,57
760,4,6,258,1
761,4,21,48,133
762,1,20,298,71
763,2,19,51,71
764,3,24,145,193
765,1,7,163,200
766,4,11,150,145
767,2,11,48,40
768,4,5,25,71
769,4,4,228,42
770,3,22,24,93
771,3,18,323,50
772,5,10,145,13
773,1,24,158,183
774,5,8,252,83
775,3,25,187,170
776,4,19,252,128
777,3,24,135,86
778,5,11,123,47
779,4,4,57,84
780,3,13,326,187
781,4,20,147,170
782,4,14,182,94
783,5,17,175,44
784,4,20,356,29
785,3,22,283,117
786,2,9,192,103
787,5,20,68,92
788,5,25,242,81
789,3,20,170,130
790,2,26,342,150
791,1,13,261,43
792,1,7,206,180
793,1,14,333,110
794,1,25,172,132
795,5,15,251,113
796,5,25,306,85
797,1,1,19,35
798,4,10,117,14
799,4,28,34,46
800,3,16,204,24
801,3,1,139,156
802,5,17,205,123
803,1,7,297,40
804,2,23,10,144
805,1,17,239,70
806,2,2,162,152
807,4,8,192,6
808,1,14,317,40
809,5,7,339,61
810,5,21,285,61
811,5,21,317,83
812,1,5,24,11
813,2,1,242,89
814,3,22,68,156
815,5,19,81,12
816,2,24,132,191
817,1,29,68,34
818,4,12,18,108
819,3,30,60,55
820,4,5,319,101
821,4,17,357,168
822,1,16,198,33
823,1,30,220,81
824,1,24,236,176
825,3,3,241,51
826,2,16,141,104
827,5,1,189,138
828,1,21,65,189
829,2,19,116,133
830,1,16,283,0
831,3,21,71,159
832,4,4,125,173
833,5,1,320,162
834,3,7,109,185
835,3,28,263,86
836,3,15,86,135
837,1,6,298,125
838,1,1,41,169
839,1,12,192,73
840,1,19,145,92
841,1,6,138,99
842,4,8,242,151
843,4,19,145,1
844,1,15,143,114
845,2,5,94,147
846,1,1,63,15
847,4,20,250,89
848,1,20,240,51
849,5,27,151,171
850,1,24,198,193
851,5,12,324,46
852,3,10,197,165
853,5,25,7,105
854,1,13,18,14
855,5,2,12,108
856,1,30,313,101
857,2,11,85,17
858,5,11,240,41
859,1,14,103,27
860,4,8,157,46
861,2,30,178,183
862,5,8,155,14
863,3,10,57,78
864,1,2,261,139
865,5,17,127,136
866,3,12,103,81
867,2,19,237,54
868,4,1,29,104
869,2,15,251,118
870,5,9,175,37
871,3,16,106,59
872,4,20,180,107
873,3,8,223,41
874,1,21,207,20
875,2,4,141,99
876,2,17,355,106
877,2,27,250,75
878,4,8,268,49
879,3,25,135,190
880,5,28,245,58
881,1,5,152,179
882,4,10,266,89
883,5,17,347,81
884,4,16,363,143
885,3,5,290,62
886,3,15,285,119
887,3,5,263,14
888,2,14,16,18
889,1,9,8,159
890,2,26,107,34
891,1,15,184,113
892,2,25,185,123
893,5,26,139,119
894,1,12,130,194
895,3,26,50,7
896,3,20,225,100
897,4,11,174,135
898,1,27,157,181
899,4,4,138,181
900,1,12,129,142
901,4,9,53,73
902,2,5,96,5
903,2,11,348,76
904,4,19,61,50
905,1,10,110,69
906,2,29,110,88
907,2,2,189,64
908,3,3,237,175
909,5,27,116,103
910,4,13,268,78
911,4,7,194,180
912,2,2,186,53
913,4,13,176,89
914,5,27,152,115
915,1,16,362,182
916,4,12,21,139
917,2,30,300,150
918,4,20,294,35
919,4,9,80,5
920,3,16,143,74
921,5,25,4,16
922,4,1,235,53
923,2,22,201,131
924,5,3,193,23
925,1,21,2,90
926,1,2,103,55
927,2,2,266,42
928,3,13,321,30
929,5,7,42,67
930,4,28,152,173
931,2,29,364,16
932,4,30,30,151
933,2,24,144,1
934,4,30,352,129
935,1,5,95,110
936,5,19,125,11
937,4,22,191,200
938,3,21,62,176
939,5,27,238,98
940,5,12,200,138
941,1,7,345,56
942,3,28,277,56
943,3,15,77,88
944,5,13,103,169
945,5,10,308,41
946,5,24,162,127
947,4,22,200,91
948,1,26,306,18
949,1,15,348,31
950,1,3,81,29
951,5,4,200,101
952,4,8,122,92
953,1,3,5,128
954,5,28,190,56
955,4,29,128,128
956,4,3,268,29
957,3,12,263,47
958,4,21,49,134
959,4,9,257,163
960,4,18,320,199
961,3,2,7,185
962,5,2,252,98
963,3,22,273,153
964,2,6,341,46
965,5,5,263,132
966,2,2,92,133
967,5,21,317,15
968,3,12,175,84
969,5,4,101,57
970,2,3,192,165
971,2,27,118,112
972,2,1,243,18
973,4,15,101,139
974,1,15,314,9
975,1,19,76,20
976,2,26,3,40
977,5,13,62,87
978,4,22,116,18
979,1,4,326,8
980,1,2,170,37
981,4,23,79,119
982,4,29,329,40
983,1,21,145,32
984,1,12,225,59
985,1,22,6,67
986,1,15,95,40
987,3,23,365,52
988,4,21,71,51
989,5,4,299,145
990,4,9,38,51
991,2,15,293,199
992,3,26,290,186
993,3,17,72,159
994,5,18,63,27
995,3,5,335,137
996,4,12,156,196
997,5,15,38,165
998,5,3,226,154
999,2,10,12,118
1000,3,19,61,169
1001,5,19,349,182
1002,5,5,280,129
1003,3,21,110,47
1004,5,27,91,183
1005,3,4,259,174
1006,4,20,163,179
1007,3,6,294,106
1008,2,28,156,13
1009,1,24,356,191
1010,1,24,165,66
1011,5,8,93,96
1012,1,14,79,94
1013,4,7,355,22
1014,3,19,329,35
1015,1,1,348,71
1016,3,9,73,111
1017,5,14,83,48
1018,2,28,53,22
1019,5,26,315,64
1020,3,14,7,56
1021,2,20,151,21
1022,1,13,88,10
1023,4,5,328,51
1024,2,7,170,171
1025,1,3,42,35
1026,3,8,143,147
1027,2,27,186,172
1028,2,6,196,121
1029,4,18,100,200
1030,5,8,125,53
1031,5,11,251,88
1032,5,30,132,57
1033,3,11,299,164
1034,1,25,259,3
1035,5,15,26,62
1036,1,15,234,46
1037,4,20,60,154
1038,1,14,62,119
1039,2,10,151,113
1040,4,28,200,26
1041,3,25,1,65
1042,2,10,318,38
1043,1,8,10,70
1044,1,13,242,129
1045,5,15,13,148
1046,1,25,303,103
1047,1,22,225,56
1048,2,20,179,89
1049,4,24,266,37
1050,2,22,143,100
1051,4,9,111,197
1052,1,11,76,57
1053,4,24,309,110
1054,1,23,19,190
1055,4,23,358,158
1056,4,11,261,82
1057,5,30,181,88
1058,1,11,198,51
1059,1,24,165,3
1060,1,16,213,14
1061,2,25,236,12
1062,4,21,225,44
1063,4,11,326,0
1064,2,17,22,46
1065,5,22,294,135
1066,2,8,89,138
1067,2,25,57,23
1068,5,23,330,2
1069,5,28,149,28
1070,3,29,210,41
1071,1,16,56,38
1072,3,14,362,127
1073,1,9,143,152
1074,3,10,26,77
1075,4,21,324,183
1076,1,13,312,181
1077,4,2,9,56
1078,5,29,229,39
1079,5,26,161,129
1080,1,11,188,37
1081,1,5,99,77
1082,4,23,155,115
1083,3,2,341,28
1084,2,3,40,51
1085,3,16,329,194
1086,3,13,17,138
1087,5,15,244,137
1088,1,3,189,140
1089,2,14,265,30
1090,4,13,128,58
1091,3,5,305,78
1092,4,13,35,182
1093,5,19,176,4
1094,3,22,6,2
1095,2,7,279,94
1096,2,29,361,198
1097,2,4,169,5
1098,5,6,117,74
1099,2,14,314,107
1100,3,16,171,30
1101,5,13,241,178
1102,5,27,348,135
1103,5,25,213,164
1104,4,9,348,50
1105,2,12,316,31
1106,3,2,134,59
1107,1,7,143,149
1108,2,5,249,123
1109,5,29,8,147
1110,5,19,77,92
1111,3,6,263,67
1112,2,4,322,108
1113,1,3,3,182
1114,1,28,70,162
1115,4,25,187,158
1116,1,7,57,84
1117,4,29,317,120
1118,4,14,284,49
1119,1,25,154,60
1120,2,29,340,140
1121,4,29,319,190
1122,3,18,173,44
1123,3,18,82,52
1124,2,5,60,182
1125,1,12,74,199
1126,1,28,38,155
1127,1,22,199,152
1128,2,11,32,52
1129,4,12,103,23
1130,5,1,169,146
1131,3,1,91,177
1132,2,17,174,125
1133,1,16,14,168
1134,1,25,267,41
1135,5,16,188,130
1136,1,3,97,165
1137,4,5,24,157
1138,4,14,109,107
1139,4,19,88,188
1140,1,29,261,22
1141,5,29,203,195
1142,1,15,155,77
1143,1,10,78,28
1144,5,22,236,193
1145,4,24,209,137
1146,2,22,291,125
1147,4,6,308,167
1148,3,24,284,36
1149,3,13,172,80
1150,4,30,21,126
1151,3,26,124,152
1152,3,3,320,104
1153,3,22,193,107
1154,2,7,354,73
1155,2,10,58,9
1156,1,24,263,188
1157,5,11,14,9
1158,5,20,134,115
1159,4,17,158,5
1160,1,17,35,14
1161,4,9,91,125
1162,1,3,345,171
1163,3,20,63,18
1164,3,12,258,174
1165,2,4,44,146
1166,3,26,256,5
1167,3,14,174,29
1168,1,27,121,153
1169,4,11,63,127
1170,4,19,81,14
1171,3,1,89,57
1172,4,23,255,190
1173,5,12,17,103
1174,1,18,275,9
1175,5,3,232,181
1176,5,17,118,147
1177,1,12,206,132
1178,5,17,346,89
1179,1,1,56,147
1180,3,10,185,187
1181,2,6,52,68
1182,3,7,30,25
1183,5,10,268,71
1184,5,11,83,76
1185,4,26,101,199
1186,1,3,129,157
1187,5,28,12,18
1188,2,18,120,177
1189,4,25,23,174
1190,4,24,11,194
1191,2,5,9,36
1192,3,2,219,124
1193,2,15,66,11
1194,2,23,243,120
1195,5,11,94,91
1196,3,21,333,154
1197,4,7,259,120
1198,2,27,194,86
1199,2,25,139,149
1200,3,16,181,92
1201,5,22,52,126
1202,4,30,307,97
1203,3,19,296,167
1204,2,18,70,151
1205,2,9,43,60
1206,1,21,165,58
1207,4,14,271,83
1208,1,22,194,181
1209,4,17,330,108
1210,3,13,53,34
1211,3,10,28,17
1212,2,22,365,52
1213,3,3,219,32
1214,1,5,22,183
1215,5,8,284,128
1216,3,25,35,86
1217,1,23,112,198
1218,2,24,87,198
1219,1,16,173,177
1220,3,2,248,65
1221,3,16,314,173
1222,2,4,223,17
1223,1,22,215,110
1224,1,14,143,90
1225,4,27,244,152
1226,1,16,207,32
1227,1,25,71,148
1228,4,27,265,109
1229,2,22,213,44
1230,4,8,338,107
1231,4,7,206,11
1232,3,19,131,63
1233,2,24,140,187
1234,5,16,328,121
1235,5,23,111,0
1236,1,2,222,85
1237,1,16,23,163
1238,5,25,360,46
1239,3,30,308,24
1240,3,25,77,18
1241,2,19,355,157
1242,2,12,326,24
1243,4,23,130,18
1244,2,30,108,11
1245,3,24,47,184
1246,4,28,25,191
1247,4,9,285,71
1248,1,20,80,123
1249,4,23,300,30
1250,2,15,3,180
1251,5,13,365,73
1252,2,15,92,109
1253,2,8,62,95
1254,1,11,218,30
1255,5,27,355,150
1256,2,26,104,43
1257,1,13,254,1
1258,1,4,206,144
1259,5,28,49,172
1260,4,25,154,125
1261,5,29,332,188
1262,5,3,289,173
1263,1,28,49,106
1264,1,14,152,39
1265,3,2,18,144
1266,4,13,56,15
1267,1,22,99,138
1268,1,26,77,101
1269,4,25,79,42
1270,5,24,186,20
1271,1,18,335,166
1272,4,25,15,31
1273,5,30,222,82
1274,5,2,136,144
1275,1,22,68,79
1276,3,28,338,174
1277,1,30,175,155
1278,2,15,338,25
1279,5,17,171,106
1280,5,23,279,40
1281,4,24,267,173
1282,3,16,199,154
1283,3,25,218,7
1284,5,18,281,176
1285,5,19,337,43
1286,3,7,230,45
1287,4,15,306,104
1288,1,18,191,90
1289,5,4,355,78
1290,2,27,137,177
1291,5,15,225,100
1292,2,7,240,98
1293,1,11,236,196
1294,1,21,355,189
1295,2,29,256,128
1296,2,16,228,25
1297,4,21,159,156
1298,3,24,314,31
1299,3,8,154,198
1300,5,3,241,34
1301,4,14,7,120
1302,3,30,155,110
1303,4,4,10,182
1304,5,12,214,30
1305,3,10,263,141
1306,5,22,275,141
1307,4,5,161,76
1308,5,13,249,3
1309,2,6,44,7
1310,3,22,134,166
1311,2,7,121,62
1312,1,9,19,51
1313,5,7,208,67
1314,1,19,332,192
1315,1,16,247,24
1316,3,17,232,29
1317,5,22,20,93
1318,3,25,18,1
1319,3,4,132,149
1320,2,16,358,11
1321,5,22,69,128
1322,3,3,202,19
1323,5,4,35,90
1324,2,27,77,124
1325,2,7,176,99
1326,1,21,337,94
1327,4,18,7,188
1328,5,30,359,80
1329,4,30,9,60
1330,3,25,304,131
1331,5,27,343,107
1332,2,9,170,185
1333,2,23,311,124
1334,3,16,272,38
1335,2,30,126,43
1336,4,22,34,2
1337,5,4,136,118
1338,1,10,31,12
1339,3,12,184,158
1340,4,5,313,54
1341,1,14,29,17
1342,1,30,162,25
1343,2,15,161,115
1344,3,5,305,136
1345,3,3,144,87
1346,1,5,197,159
1347,2,19,48,148
1348,3,27,163,152
1349,5,9,93,96
1350,1,8,30,88
1351,1,1,213,69
1352,5,15,123,123
1353,2,23,320,133
1354,3,20,25,126
1355,2,17,361,53
1356,3,28,99,65
1357,5,26,183,104
1358,4,22,155,30
1359,4,11,354,62
1360,3,6,301,59
1361,3,19,363,8
1362,1,15,321,163
1363,4,15,103,200
1364,3,25,336,5
1365,5,16,95,43
1366,4,28,185,29
1367,5,20,22,69
1368,4,28,288,75
1369,3,25,168,147
1370,5,19,95,170
1371,5,19,355,133
1372,5,12,323,89
1373,4,29,275,93
1374,4,15,356,163
1375,3,16,309,164
1376,5,9,293,142
1377,3,12,320,190
1378,3,22,243,99
1379,5,18,92,20
1380,1,5,79,160
1381,3,17,52,164
1382,5,7,365,5
1383,5,19,268,103
1384,4,24,1,43
1385,2,29,38,91
1386,2,22,227,46
1387,5,14,130,91
1388,5,23,150,56
1389,4,2,11,141
1390,3,14,77,41
1391,2,15,118,99
1392,3,12,151,125
1393,3,2,132,170
1394,1,7,197,115
1395,2,16,274,189
1396,5,17,94,135
1397,4,1,128,38
1398,4,12,278,30
1399,4,30,240,103
1400,2,11,3,177
1401,3,26,343,87
1402,5,18,77,181
1403,1,5,130,169
1404,1,7,137,47
1405,5,1,304,191
1406,2,5,62,129
1407,5,23,296,133
1408,5,30,5,89
1409,4,13,221,145
1410,4,25,358,24
1411,1,28,341,99
1412,4,8,76,78
1413,3,4,261,23
1414,4,30,115,61
1415,1,4,173,138
1416,5,12,125,159
1417,2,8,20,55
1418,1,22,236,119
1419,3,4,75,152
1420,4,13,333,20
1421,2,23,186,120
1422,4,14,215,196
1423,1,8,191,27
1424,4,2,304,87
1425,2,15,270,94
1426,1,17,58,158
1427,2,20,137,193
1428,3,22,154,180
1429,4,16,269,150
1430,3,24,171,169
1431,5,13,191,16
1432,4,26,256,77
1433,3,26,174,182
1434,3,11,3,74
1435,2,23,286,179
1436,4,13,95,10
1437,3,30,51,76
1438,2,10,238,189
1439,5,1,262,104
1440,2,5,36,145
1441,2,26,353,118
1442,2,4,32,186
1443,5,15,135,173
1444,5,10,97,146
1445,2,20,167,2
1446,2,17,365,137
1447,2,26,348,158
1448,3,9,166,188
1449,2,4,67,163
1450,4,13,325,152
1451,3,20,141,132
1452,1,26,62,92
1453,1,2,247,38
1454,5,21,315,139
1455,1,20,316,145
1456,3,8,167,192
1457,5,8,225,97
1458,1,9,132,56
1459,1,12,21,191
1460,1,5,153,20
1461,5,23,123,154
1462,1,4,139,137
1463,1,18,336,122
1464,3,10,305,58
1465,5,7,192,36
1466,5,25,287,32
1467,3,3,126,156
1468,4,26,303,194
1469,4,29,249,2
1470,3,14,323,20
1471,2,10,234,132
1472,4,2,240,130
1473,1,11,170,44
1474,5,25,293,10
1475,3,26,223,189
1476,4,5,196,53
1477,3,1,236,185
1478,2,29,251,140
1479,4,15,365,115
1480,3,11,232,98
1481,3,28,298,181
1482,5,14,260,172
1483,3,15,325,145
1484,4,20,87,148
1485,1,13,20,27
1486,5,27,342,43
1487,2,12,10,50
1488,4,27,301,23
1489,4,11,321,10
1490,5,10,351,163
1491,3,1,160,65
1492,4,4,138,178
1493,1,12,206,25
1494,2,29,259,100
1495,1,20,28,57
1496,5,22,293,70
1497,4,9,316,44
1498,2,29,247,18
1499,5,13,199,157
1500,3,29,229,167
1501,1,17,259,107
1502,1,16,52,48
1503,5,12,135,106
1504,4,4,56,156
1505,2,11,260,180
1506,1,19,304,71
1507,5,30,150,61
1508,2,12,294,32
1509,4,15,227,161
1510,5,25,149,61
1511,3,5,182,112
1512,4,20,87,191
1513,5,16,42,52
1514,4,30,283,97
1515,3,9,230,54
1516,2,10,225,111
1517,5,6,13,176
1518,2,29,261,139
1519,2,29,82,167
1520,5,3,362,165
1521,5,2,21,174
1522,1,2,178,200
1523,5,28,332,62
1524,4,23,239,143
1525,3,15,112,144
1526,4,9,256,107
1527,3,15,126,180
1528,5,6,19,167
1529,5,2,142,200
1530,5,15,14,65
1531,1,30,50,152
1532,2,26,246,3
1533,3,11,186,5
1534,3,3,229,54
1535,2,18,93,34
1536,4,28,70,89
1537,5,10,200,120
1538,2,15,51,199
1539,1,12,173,23
1540,1,22,358,176
1541,3,24,110,39
1542,3,30,214,164
1543,4,20,306,86
1544,5,5,262,19
1545,4,21,251,174
1546,4,20,271,176
1547,4,17,13,89
1548,3,19,155,153
1549,2,7,153,49
1550,2,21,1,115
1551,3,17,165,163
1552,3,10,151,117
1553,4,13,327,189
1554,5,6,168,38
1555,1,23,240,34
1556,4,23,342,74
1557,5,1,137,177
1558,3,17,338,28
1559,1,27,130,148
1560,1,24,12,177
1561,1,20,95,139
1562,5,12,225,144
1563,1,11,165,136
1564,2,9,69,12
1565,5,25,345,94
1566,1,10,230,85
1567,3,12,128,136
1568,5,16,249,51
1569,5,11,342,130
1570,5,12,181,102
1571,4,25,100,82
1572,2,8,313,155
1573,2,30,215,117
1574,3,17,365,68
1575,5,3,188,35
1576,5,18,243,4
1577,2,12,343,98
1578,1,5,356,183
1579,5,21,325,183
1580,4,12,226,57
1581,5,16,243,178
1582,2,30,144,20
1583,2,30,24,197
1584,4,1,124,16
1585,2,25,71,143
1586,1,22,187,67
1587,1,9,237,29
1588,5,12,202,22
1589,1,7,269,175
1590,4,28,260,165
1591,5,15,202,151
1592,1,28,188,53
1593,5,27,138,159
1594,1,1,157,162
1595,2,16,129,131
1596,5,9,284,29
1597,1,22,81,93
1598,5,26,211,119
1599,2,15,41,145
1600,2,26,363,120
1601,4,16,24,15
1602,5,11,100,185
1603,5,24,95,133
1604,3,24,115,98
1605,5,11,342,116
1606,2,1,253,70
1607,3,21,35,82
1608,1,16,292,189
1609,1,19,218,5
1610,4,14,142,45
1611,3,26,45,73
1612,3,17,53,40
1613,2,29,151,27
1614,1,27,280,88
1615,4,10,351,173
1616,4,17,339,42
1617,1,19,6,197
1618,5,10,82,195
1619,5,22,123,55
1620,5,19,302,146
1621,3,23,64,115
1622,4,30,140,67
1623,1,2,259,28
1624,1,29,195,200
1625,1,13,221,172
1626,4,6,257,41
1627,4,30,345,77
1628,3,30,44,98
1629,3,22,114,8
1630,1,28,225,121
1631,3,15,305,117
1632,3,21,33,8
1633,5,22,271,77
1634,4,15,232,39
1635,5,2,301,90
1636,3,10,243,7
1637,5,17,49,150
1638,5,13,237,11
1639,5,2,11,67
1640,4,21,200,136
1641,5,27,102,144
1642,5,12,141,40
1643,3,10,345,164
1644,3,28,275,98
1645,1,14,300,93
1646,1,26,308,51
1647,5,27,76,26
1648,1,11,156,48
1649,4,12,251,128
1650,5,13,91,65
1651,1,8,271,71
1652,2,5,201,156
1653,3,19,2,195
1654,3,19,237,25
1655,1,27,211,183
1656,1,13,107,164
1657,5,19,50,159
1658,1,2,69,73
1659,2,9,330,16
1660,2,11,271,167
1661,4,12,187,152
1662,3,18,244,32
1663,3,28,260,149
1664,1,23,159,101
1665,3,21,215,155
1666,5,13,292,81
1667,1,6,203,175
1668,1,27,291,32
1669,4,29,126,168
1670,3,26,292,126
1671,2,6,57,17
1672,1,2,129,184
1673,3,25,303,148
1674,4,16,309,6
1675,3,2,285,43
1676,4,15,173,121
1677,5,6,318,47
1678,1,7,165,3
1679,3,17,175,186
1680,5,6,355,130
1681,5,25,4,32
1682,4,19,284,117
1683,1,5,335,177
1684,4,28,74,32
1685,2,21,39,90
1686,3,30,174,35
1687,4,9,120,48
1688,1,6,81,133
1689,3,6,193,129
1690,2,2,94,11
1691,5,27,89,146
1692,3,19,243,179
1693,1,30,226,84
1694,3,23,232,131
1695,4,26,22,4
1696,3,21,197,182
1697,3,12,231,187
1698,3,5,70,176
1699,5,8,244,10
1700,1,3,38,183
1701,1,28,203,122
1702,4,18,215,131
1703,2,10,311,136
1704,2,17,92,180
1705,2,5,262,3
1706,4,25,107,68
1707,3,5,230,124
1708,2,18,26,124
1709,5,26,166,198
1710,4,4,173,163
1711,3,29,186,184
1712,4,20,296,181
1713,5,27,178,133
1714,5,8,137,34
1715,4,1,285,101
1716,3,17,272,33
1717,4,20,185,158
1718,4,15,361,93
1719,1,22,330,54
1720,2,19,119,45
1721,2,28,313,163
1722,5,2,360,101
1723,2,14,103,49
1724,5,15,228,71
1725,1,8,78,127
1726,2,23,192,4
1727,1,16,186,125
1728,5,9,365,128
1729,5,10,231,44
1730,4,24,215,128
1731,1,15,306,156
1732,4,26,282,144
1733,2,17,316,157
1734,2,4,179,5
1735,1,25,74,8
1736,4,27,239,22
1737,2,16,6,127
1738,1,25,61,131
1739,1,4,279,44
1740,5,15,227,178
1741,3,9,123,96
1742,1,5,338,11
1743,3,2,192,96
1744,2,22,88,146
1745,3,14,315,138
1746,1,14,163,134
1747,3,7,129,19
1748,4,13,186,111
1749,1,26,31,147
1750,3,17,267,27
1751,1,8,105,62
1752,3,21,79,83
1753,4,11,255,122
1754,1,13,349,50
1755,3,15,341,129
1756,2,18,350,118
1757,3,30,337,48
1758,1,6,49,172
1759,3,23,178,80
1760,2,14,327,8
1761,3,6,203,167
1762,5,5,184,35
1763,5,26,66,84
1764,4,11,4,62
1765,2,22,247,112
1766,4,15,172,15
1767,1,22,125,152
1768,2,15,313,19
1769,2,29,150,194
1770,5,30,103,102
1771,4,23,188,108
1772,5,4,222,108
1773,5,20,89,3
1774,4,12,47,65
1775,3,24,85,179
1776,5,6,217,2
1777,4,5,228,94
1778,2,1,67,51
1779,1,22,37,107
1780,5,3,242,51
1781,2,29,17,185
1782,3,10,107,175
1783,5,18,71,125
1784,3,15,37,34
1785,1,25,49,167
1786,3,17,161,84
1787,1,21,107,173
1788,4,7,186,186
1789,1,5,191,143
1790,5,8,299,148
1791,2,22,175,6
1792,1,21,156,169
1793,5,13,14,108
1794,3,18,291,18
1795,2,27,52,45
1796,1,17,162,95
1797,2,17,115,13
1798,4,12,116,88
1799,4,19,349,177
1800,5,22,272,103
1801,1,27,299,93
1802,5,26,296,11
1803,3,15,100,40
1804,5,12,286,140
1805,5,26,255,149
1806,4,6,245,118
1807,1,10,28,101
1808,2,20,297,31
1809,3,22,157,89
1810,4,19,83,173
1811,5,2,62,12
1812,5,17,154,2
1813,2,11,285,66
1814,3,28,356,160
1815,1,3,98,95
1816,2,14,364,133
1817,5,9,179,92
1818,5,24,114,61
1819,5,19,261,148
1820,5,24,344,77
1821,4,30,260,75
1822,1,28,22,101
1823,3,19,129,153
1824,1,15,16,53
1825,2,17,210,29
1826,2,29,148,97
1827,2,14,168,126
1828,4,14,207,43
1829,1,29,159,171
1830,4,8,211,105
1831,1,2,64,115
1832,3,2,180,23
1833,3,1,138,13
1834,2,17,288,6
1835,2,11,52,179
1836,4,20,49,70
1837,3,5,58,53
1838,4,3,103,28
1839,4,26,13,131
1840,5,8,69,8
1841,4,1,279,17
1842,4,4,154,63
1843,3,16,3,151
1844,4,9,313,23
1845,5,13,74,44
1846,1,8,241,38
1847,1,8,170,171
1848,4,27,212,74
1849,1,6,158,197
1850,4,26,98,166
1851,5,18,284,71
1852,4,22,273,132
1853,4,9,237,12
1854,2,17,312,110
1855,2,13,309,101
1856,5,24,343,87
1857,1,12,280,136
1858,5,9,302,20
1859,2,26,176,99
1860,3,30,46,30
1861,1,14,144,145
1862,4,11,99,122
1863,5,16,50,70
1864,2,18,336,83
1865,4,18,285,191
1866,5,27,253,145
1867,5,9,39,80
1868,4,27,143,12
1869,2,19,225,94
1870,5,29,150,176
1871,3,2,302,19
1872,2,3,154,18
1873,5,22,102,24
1874,4,3,108,139
1875,1,21,153,72
1876,3,30,75,136
1877,1,14,90,170
1878,4,19,282,100
1879,2,26,30,87
1880,5,18,118,119
1881,4,13,194,152
1882,4,1,108,26
1883,2,27,91,80
1884,3,27,220,17
1885,2,13,357,132
1886,1,12,125,163
1887,3,26,52,26
1888,2,14,62,188
1889,5,24,200,36
1890,1,15,153,166
1891,4,5,220,146
1892,2,30,126,47
1893,4,1,297,129
1894,4,30,343,164
1895,1,24,61,25
1896,5,7,74,84
1897,4,12,89,115
1898,3,21,240,126
1899,3,3,148,181
1900,4,22,329,19
1901,3,11,362,96
1902,1,27,232,97
1903,5,26,139,38
1904,2,7,205,123
1905,5,20,326,121
1906,5,10,124,140
1907,2,22,18,186
1908,5,27,332,157
1909,3,6,159,32
1910,5,19,293,41
1911,1,1,156,96
1912,3,16,116,174
1913,5,4,167,68
1914,4,22,5,193
1915,3,12,327,140
1916,3,10,359,135
1917,3,2,95,187
1918,5,6,219,67
1919,5,20,36,149
1920,1,27,340,107
1921,2,1,65,92
1922,4,27,25,183
1923,5,27,304,110
1924,5,18,183,155
1925,2,13,63,3
1926,1,4,327,93
1927,2,22,49,170
1928,4,8,131,77
1929,1,5,109,89
1930,4,1,301,52
1931,1,30,261,89
1932,2,28,349,121
1933,5,18,145,26
1934,2,16,174,106
1935,2,27,202,30
1936,4,25,344,59
1937,4,23,57,9
1938,2,8,8,186
1939,5,26,8,95
1940,2,5,161,193
1941,4,1,24,22
1942,5,25,143,64
1943,2,9,3,181
1944,2,25,177,185
1945,1,29,298,46
1946,5,28,36,134
1947,3,19,88,95
1948,2,24,282,117
1949,1,14,72,127
1950,5,3,296,132
1951,4,23,227,92
1952,2,14,140,158
1953,4,12,298,148
1954,4,2,288,23
1955,1,26,267,73
1956,4,22,343,23
1957,5,1,326,83
1958,1,19,36,144
1959,2,12,79,133
1960,2,28,106,156
1961,4,17,199,143
1962,1,7,17,68
1963,2,18,15,175
1964,1,30,55,22
1965,1,23,348,110
1966,1,20,232,100
1967,5,13,278,147
1968,1,17,92,134
1969,5,4,92,70
1970,5,19,187,159
1971,2,26,145,120
1972,3,5,311,152
1973,2,20,94,171
1974,1,15,324,116
1975,3,23,76,11
1976,5,3,351,83
1977,3,6,333,163
1978,3,19,40,71
1979,2,5,282,145
1980,4,10,244,169
1981,2,23,61,48
1982,5,20,116,200
1983,2,8,31,138
1984,4,2,268,99
1985,2,23,328,116
1986,3,29,299,139
1987,3,6,163,70
1988,2,17,60,137
1989,1,2,147,28
1990,3,26,110,38
1991,4,15,231,180
1992,5,18,91,190
1993,5,10,133,19
1994,1,1,257,179
1995,2,12,281,152
1996,2,9,88,171
1997,2,6,112,79
1998,5,22,43,102
1999,2,21,301,131
2000,4,2,247,181
2001,5,9,125,145
2002,5,9,50,170
2003,4,2,36,75
2004,2,2,83,186
2005,5,21,73,89
2006,5,10,256,71
2007,1,11,341,119
2008,4,24,283,194
2009,1,25,124,98
2010,3,26,88,127
2011,4,3,134,150
2012,1,28,210,126
2013,3,20,192,86
2014,5,29,158,98
2015,5,17,81,174
2016,2,12,297,28
2017,4,9,319,87
2018,3,24,188,144
2019,1,3,169,173
2020,2,12,330,152
2021,2,14,310,125
2022,4,12,59,53
2023,2,22,13,101
2024,3,20,63,91
2025,5,10,37,21
2026,4,24,341,194
2027,4,25,234,108
2028,4,11,269,176
2029,1,28,65,189
2030,2,26,168,47
2031,5,1,221,42
2032,4,23,79,25
2033,2,5,8,93
2034,5,18,87,161
2035,2,30,302,123
2036,4,26,282,120
2037,1,8,291,84
2038,2,30,126,2
2039,5,3,349,171
2040,2,19,194,99
2041,5,3,32,23
2042,3,9,197,161
2043,5,24,346,160
2044,1,10,23,48
2045,4,28,221,155
2046,1,26,316,41
2047,4,20,40,35
2048,2,26,307,78
2049,1,14,329,0
2050,5,5,128,137
2051,4,7,51,138
2052,5,30,107,55
2053,4,9,198,60
2054,2,13,106,147
2055,4,12,187,9
2056,3,4,236,173
2057,3,16,102,90
2058,2,17,16,25
2059,1,2,217,19
2060,3,4,190,76
2061,4,9,116,96
2062,1,5,361,162
2063,1,26,54,119
2064,1,14,90,140
2065,4,20,135,143
2066,4,29,21,142
2067,1,8,227,171
2068,3,29,286,92
2069,2,19,293,166
2070,2,27,105,6
2071,1,13,291,161
2072,5,14,244,75
2073,3,13,184,29
2074,4,12,227,26
2075,3,19,104,175
2076,1,2,317,154
2077,3,23,244,22
2078,5,19,221,19
2079,2,29,171,112
2080,1,7,209,130
2081,5,13,66,12
2082,5,6,108,17
2083,3,20,14,57
2084,1,3,147,117
2085,2,4,275,38
2086,3,27,213,196
2087,2,26,234,157
2088,1,2,75,26
2089,2,9,191,55
2090,2,17,327,61
2091,2,4,225,69
2092,5,22,311,43
2093,5,16,224,114
2094,4,17,91,181
2095,5,14,72,103
2096,1,20,46,63
2097,4,7,342,16
2098,2,26,18,86
2099,4,9,253,4
2100,1,22,24,171
2101,5,15,353,115
2102,1,3,175,56
2103,1,29,118,26
2104,2,26,295,67
2105,1,17,173,102
2106,2,27,128,121
2107,2,22,190,22
2108,4,29,208,36
2109,4,17,198,179
2110,2,1,264,131
2111,4,25,36,149
2112,2,27,263,108
2113,2,6,256,185
2114,3,21,101,118
2115,3,5,83,73
2116,1,8,265,185
2117,1,15,338,139
2118,2,15,177,69
2119,4,27,167,22
2120,3,2,187,18
2121,2,10,90,10
2122,2,23,9,154
2123,2,7,317,182
2124,5,24,271,30
2125,4,29,347,61
2126,2,27,266,140
2127,3,2,37,118
2128,5,2,32,179
2129,2,29,166,150
2130,4,7,131,167
2131,1,11,9,193
2132,2,3,335,125
2133,2,23,310,123
2134,1,13,133,3
2135,3,8,109,200
2136,2,12,47,80
2137,4,18,191,26
2138,3,16,361,44
2139,1,8,61,117
2140,3,3,100,66
2141,5,26,363,155
2142,5,1,348,196
2143,4,27,309,127
2144,5,13,87,158
2145,5,4,191,8
2146,1,17,219,115
2147,1,29,249,29
2148,1,30,82,78
2149,3,18,212,36
2150,1,4,64,85
2151,4,24,280,140
2152,5,8,29,67
2153,4,22,358,62
2154,4,9,207,70
2155,4,27,252,127
2156,2,7,53,168
2157,4,20,16,27
2158,2,20,207,189
2159,1,8,168,171
2160,5,18,108,88
2161,1,30,47,59
2162,4,13,156,99
2163,5,22,286,74
2164,5,25,346,179
2165,2,3,158,124
2166,1,1,239,154
2167,1,20,336,191
2168,3,14,9,81
2169,1,19,99,15
2170,3,23,99,188
2171,5,21,91,101
2172,3,26,243,51
2173,3,5,190,29
2174,2,26,34,189
2175,3,7,347,114
2176,1,28,236,93
2177,3,27,81,117
2178,4,27,71,167
2179,2,7,18,109
2180,5,27,340,176
2181,5,5,170,164
2182,3,21,255,187
2183,5,22,304,115
2184,3,5,208,33
2185,1,9,196,99
2186,1,12,247,58
2187,5,15,225,44
2188,3,9,236,75
2189,1,29,151,130
2190,3,16,45,127
2191,5,22,319,143
2192,3,21,164,105
2193,2,30,254,36
2194,4,9,32,194
2195,2,12,214,74
2196,1,6,236,16
2197,5,16,80,197
2198,3,19,218,31
2199,4,20,210,142
2200,4,23,15,127
2201,4,5,295,149
2202,1,18,244,195
2203,2,14,24,73
2204,1,19,197,109
2205,1,27,33,31
2206,5,25,53,76
2207,5,27,38,38
2208,5,1,116,186
2209,3,15,281,61
2210,4,4,15,116
2211,2,26,195,186
2212,4,29,171,166
2213,4,13,286,91
2214,2,29,316,145
2215,5,30,341,76
2216,2,3,20,168
2217,5,2,175,192
2218,5,24,204,154
2219,1,6,335,66
2220,2,26,119,137
2221,1,2,342,54
2222,3,9,69,49
2223,5,8,100,46
2224,5,17,55,21
2225,4,16,308,27
2226,4,22,351,189
2227,4,13,148,66
2228,5,25,69,13
2229,1,3,101,178
2230,4,18,36,41
2231,2,6,111,187
2232,5,24,135,7
2233,1,27,271,162
2234,2,7,276,154
2235,1,19,101,166
2236,4,9,321,126
2237,1,8,172,2
2238,1,20,20,62
2239,4,25,279,89
2240,1,28,165,155
2241,5,7,194,76
2242,2,14,169,53
2243,5,17,5,120
2244,3,20,78,25
2245,5,7,215,61
2246,4,6,4,49
2247,3,8,252,27
2248,4,19,317,82
2249,4,24,19,174
2250,4,5,110,142
2251,5,24,114,78
2252,1,13,83,66
2253,1,28,144,150
2254,3,21,2,137
2255,1,2,120,17
2256,3,12,202,83
2257,3,29,70,34
2258,3,4,133,30
2259,1,29,151,148
2260,3,3,53,122
2261,4,20,7,165
2262,2,19,284,145
2263,5,27,341,110
2264,4,20,102,61
2265,3,6,356,19
2266,2,16,69,10
2267,2,12,13,180
2268,1,19,12,70
2269,4,2,99,5
2270,5,10,278,191
2271,4,1,228,54
2272,3,14,73,130
2273,1,26,89,72
2274,1,21,158,42
2275,4,6,44,96
2276,4,8,307,161
2277,4,16,329,55
2278,3,10,167,196
2279,2,21,221,177
2280,3,19,7,153
2281,4,16,16,101
2282,1,20,96,123
2283,5,26,21,80
2284,3,2,47,163
2285,2,21,299,154
2286,1,10,345,175
2287,2,18,317,187
2288,1,4,171,51
2289,3,29,259,67
2290,3,6,346,9
2291,1,13,332,81
2292,4,29,322,159
2293,2,4,169,89
2294,4,28,77,12
2295,3,19,28,94
2296,2,20,348,166
2297,5,13,20,65
2298,3,12,77,106
2299,5,28,342,87
2300,2,6,79,44
2301,1,6,80,30
2302,2,12,13,200
2303,3,23,268,117
2304,5,20,338,88
2305,2,24,214,57
2306,3,21,363,104
2307,1,20,241,65
2308,3,27,188,71
2309,1,15,218,143
2310,4,7,238,151
2311,2,9,354,133
2312,3,7,217,86
2313,4,17,167,161
2314,2,21,68,28
2315,4,21,43,143
2316,3,14,335,1
2317,3,17,17,138
2318,4,12,85,95
2319,2,25,250,184
2320,3,3,29,57
2321,5,14,354,84
2322,2,29,194,13
2323,5,19,237,179
2324,3,14,205,112
2325,2,1,304,55
2326,5,26,164,114
2327,1,25,17,194
2328,1,15,282,45
2329,3,26,46,41
2330,5,26,36,182
2331,5,28,81,147
2332,1,20,257,8
2333,2,29,5,97
2334,3,19,322,48
2335,5,7,121,135
2336,2,15,297,109
2337,3,15,92,77
2338,1,15,251,34
2339,4,21,349,51
2340,3,3,225,93
2341,2,20,29,38
2342,5,20,216,50
2343,4,26,293,28
2344,1,23,304,178
2345,2,28,2,46
2346,1,7,320,35
2347,5,30,204,156
2348,1,6,68,84
2349,2,14,23,110
2350,3,30,47,136
2351,1,19,118,131
2352,3,19,188,44
2353,4,14,274,4
2354,5,16,224,132
2355,2,26,129,145
2356,4,29,197,15
2357,3,25,161,50
2358,2,8,272,1
2359,4,12,192,174
2360,5,3,149,30
2361,5,16,160,147
2362,5,17,141,21
2363,2,19,79,61
2364,2,13,96,160
2365,4,27,268,72
2366,2,22,222,160
2367,1,12,261,152
2368,1,12,68,176
2369,1,12,119,5
2370,3,23,352,52
2371,5,12,219,180
2372,4,9,210,58
2373,4,22,231,181
2374,2,23,348,8
2375,3,18,242,5
2376,4,2,78,59
2377,4,15,322,120
2378,3,16,120,184
2379,1,18,145,69
2380,2,14,245,60
2381,1,20,104,1
2382,5,19,263,81
2383,5,8,61,129
2384,3,16,343,36
2385,5,3,181,22
2386,1,29,46,183
2387,5,30,313,93
2388,1,2,313,141
2389,2,13,195,105
2390,4,8,149,44
2391,2,10,304,142
2392,1,24,228,90
2393,5,15,144,193
2394,1,18,47,155
2395,3,24,201,107
2396,4,11,63,84
2397,5,22,48,16
2398,2,9,26,116
2399,4,15,131,84
2400,1,4,352,45
2401,5,14,311,3
2402,1,6,281,195
2403,1,12,31,179
2404,5,26,80,181
2405,3,22,318,143
2406,3,30,72,134
2407,2,2,134,5
2408,2,25,224,135
2409,2,6,339,71
2410,5,13,43,119
2411,5,13,356,43
2412,2,21,99,128
2413,2,21,99,25
2414,5,17,49,137
2415,4,11,146,87
2416,2,15,111,112
2417,4,29,135,31
2418,5,13,280,81
2419,2,19,347,158
2420,1,11,62,1
2421,4,10,188,49
2422,4,28,242,107
2423,5,27,107,165
2424,4,2,336,28
2425,3,15,144,55
2426,1,7,238,99
2427,1,10,203,60
2428,3,2,87,167
2429,1,30,108,115
2430,2,30,330,143
2431,4,21,182,139
2432,5,10,78,32
2433,1,2,30,162
2434,3,2,45,11
2435,5,21,113,49
2436,5,26,96,104
2437,1,6,298,124
2438,2,5,138,5
2439,1,9,291,175
2440,2,26,208,123
2441,2,2,311,145
2442,1,22,217,18
2443,2,26,222,106
2444,5,16,48,105
2445,3,24,108,43
2446,1,25,131,73
2447,2,24,171,76
2448,5,14,142,143
2449,1,29,293,150
2450,1,3,25,90
2451,5,19,296,45
2452,3,23,214,93
2453,4,29,172,57
2454,1,4,35,120
2455,3,18,44,45
2456,4,12,207,145
2457,2,17,88,178
2458,2,27,221,150
2459,1,21,91,40
2460,4,5,61,12
2461,5,2,150,132
2462,2,18,228,60
2463,1,22,214,151
2464,4,11,47,100
2465,3,24,120,19
2466,2,23,199,145
2467,1,12,248,70
2468,4,25,343,12
2469,4,16,356,105
2470,3,17,37,121
2471,1,29,22,87
2472,1,22,294,169
2473,1,4,33,5
2474,4,20,353,118
2475,1,10,99,198
2476,5,8,91,85
2477,5,10,220,116
2478,5,27,154,61
2479,2,17,45,57
2480,2,28,172,111
2481,4,27,153,83
2482,1,9,363,136
2483,3,18,316,8
2484,3,25,168,98
2485,2,8,3,52
2486,5,8,24,73
2487,2,12,181,1
2488,4,4,165,23
2489,5,3,312,197
2490,2,8,257,78
2491,3,29,275,116
2492,4,27,119,199
2493,3,4,200,74
2494,3,19,328,69
2495,3,16,207,183
2496,2,28,28,54
2497,4,27,103,17
2498,4,24,280,31
2499,5,23,219,152
2500,1,21,30,31
2501,3,28,332,69
2502,5,8,269,17
2503,2,20,46,12
2504,3,3,153,156
2505,3,11,115,174
2506,5,19,42,191
2507,3,12,110,183
2508,3,1,104,13
2509,4,12,348,10
2510,2,17,42,196
2511,5,26,145,42
2512,3,16,242,181
2513,5,19,250,57
2514,3,8,9,128
2515,3,19,196,21
2516,3,16,67,135
2517,4,21,351,127
2518,3,9,356,170
2519,5,6,226,135
2520,2,20,329,68
2521,1,17,76,167
2522,4,9,123,111
2523,3,24,151,27
2524,1,1,227,177
2525,2,10,212,103
2526,5,10,180,9
2527,3,26,7,0
2528,2,5,160,200
2529,2,22,281,23
2530,4,17,84,102
2531,5,15,205,56
2532,1,2,127,40
2533,2,6,100,150
2534,5,6,85,148
2535,3,13,24,11
2536,5,23,14,184
2537,1,26,39,56
2538,3,27,1,68
2539,1,28,166,102
2540,1,19,86,72
2541,1,10,51,152
2542,2,27,110,167
2543,4,19,93,135
2544,4,5,27,91
2545,5,20,230,176
2546,4,25,125,79
2547,5,28,217,93
2548,4,4,141,199
2549,2,21,91,134
2550,5,28,249,174
2551,3,29,99,94
2552,4,6,97,148
2553,1,4,188,120
2554,5,25,244,86
2555,4,23,39,153
2556,3,6,317,141
2557,5,27,151,0
2558,1,14,34,199
2559,1,11,84,102
2560,4,30,328,64
2561,3,16,72,177
2562,5,1,309,50
2563,5,9,128,160
2564,4,1,312,43
2565,2,26,208,184
2566,4,27,246,86
2567,5,26,16,162
2568,4,21,125,101
2569,5,25,49,142
2570,2,2,240,128
2571,5,21,106,82
2572,4,20,288,94
2573,1,1,11,132
2574,5,4,225,1
2575,2,23,87,12
2576,2,26,5,43
2577,5,10,320,15
2578,4,21,44,28
2579,4,10,349,93
2580,4,22,59,74
2581,4,28,37,113
2582,1,4,184,23
2583,4,28,180,74
2584,2,27,102,68
2585,1,15,240,27
2586,4,16,48,34
2587,3,28,243,174
2588,3,11,244,148
2589,4,27,253,31
2590,4,11,193,188
2591,5,14,106,105
2592,2,28,40,23
2593,1,2,109,2
2594,4,2,33,170
2595,1,28,311,41
2596,3,1,132,8
2597,5,4,177,101
2598,3,2,6,77
2599,4,21,363,130
2600,5,14,13,53
2601,1,14,267,132
2602,1,23,137,185
2603,2,30,180,2
2604,1,10,240,133
2605,2,14,161,108
2606,3,29,212,54
2607,2,18,346,66
2608,2,14,205,4
2609,2,14,348,152
2610,2,6,90,181
2611,3,6,328,21
2612,5,20,131,20
2613,4,5,127,127
2614,1,26,222,73
2615,1,1,10,66
2616,3,25,280,49
2617,3,26,232,17
2618,5,28,192,81
2619,4,17,252,54
2620,5,8,142,157
2621,2,9,106,4
2622,2,13,16,186
2623,4,8,267,165
2624,3,17,202,141
2625,1,26,313,65
2626,3,13,125,78
2627,3,6,43,199
2628,1,30,142,35
2629,1,5,152,187
2630,5,24,241,32
2631,3,15,324,192
2632,5,19,144,32
2633,2,29,128,132
2634,4,5,147,180
2635,1,15,108,152
2636,2,18,82,64
2637,4,4,335,144
2638,5,19,158,23
2639,3,8,91,16
2640,3,8,86,115
2641,5,17,101,26
2642,1,30,169,132
2643,2,12,336,117
2644,5,3,251,102
2645,1,19,139,58
2646,2,16,94,168
2647,2,21,95,47
2648,5,23,154,13
2649,4,25,121,91
2650,3,21,235,70
2651,2,2,319,11
2652,5,1,243,29
2653,4,9,47,85
2654,3,3,253,105
2655,5,23,56,56
2656,2,16,207,112
2657,1,17,327,191
2658,1,3,222,169
2659,4,2,349,101
2660,4,10,87,132
2661,2,3,131,136
2662,2,23,284,138
2663,3,19,116,12
2664,5,20,65,14
2665,3,13,340,129
2666,4,2,225,129
2667,3,28,140,149
2668,3,1,144,72
2669,1,20,340,127
2670,4,5,50,8
2671,2,25,41,193
2672,5,24,116,27
2673,4,12,93,24
2674,3,15,238,196
2675,3,23,281,145
2676,4,5,126,182
2677,1,12,265,31
2678,2,2,52,1
2679,3,4,102,169
2680,2,18,12,133
2681,2,21,186,105
2682,1,8,261,3
2683,2,21,273,139
2684,1,25,87,52
2685,2,23,41,54
2686,5,5,86,156
2687,3,24,363,110
2688,5,25,232,89
2689,1,12,56,62
2690,1,6,158,106
2691,2,26,145,73
2692,3,29,34,78
2693,2,18,130,63
2694,3,17,208,132
2695,1,23,188,93
2696,3,16,111,65
2697,1,6,145,147
2698,2,13,50,39
2699,4,12,58,1
2700,4,26,306,73
2701,4,29,313,186
2702,1,1,117,23
2703,3,19,136,11
2704,2,11,163,3
2705,2,9,363,113
2706,4,19,133,81
2707,3,23,158,31
2708,3,19,229,64
2709,5,17,240,86
2710,2,6,168,14
2711,4,24,178,2
2712,4,17,308,108
2713,1,10,326,85
2714,3,30,186,87
2715,5,7,146,148
2716,4,12,333,10
2717,3,29,245,104
2718,3,8,115,169
2719,5,9,126,63
2720,2,11,100,159
2721,2,11,13,8
2722,4,29,231,19
2723,5,21,276,38
2724,1,26,34,21
2725,5,2,63,47
2726,1,28,42,12
2727,4,16,191,180
2728,1,29,243,173
2729,4,27,247,28
2730,5,20,72,199
2731,4,20,272,133
2732,2,21,110,66
2733,5,10,73,175
2734,3,16,106,122
2735,3,24,6,145
2736,4,3,354,191
2737,1,16,150,180
2738,3,29,332,26
2739,4,2,337,188
2740,1,3,301,53
2741,5,18,210,4
2742,3,13,91,167
2743,3,19,268,108
2744,5,27,5,87
2745,4,4,32,141
2746,3,11,52,86
2747,1,10,115,144
2748,2,8,208,155
2749,3,19,362,149
2750,4,29,262,72
2751,1,14,108,195
2752,1,24,169,56
2753,5,6,57,99
2754,2,24,356,48
2755,4,26,212,38
2756,3,3,183,101
2757,5,27,100,116
2758,1,25,62,26
2759,2,29,357,146
2760,2,17,198,107
2761,5,10,19,150
2762,5,7,196,112
2763,4,11,61,14
2764,5,1,18,95
2765,1,3,27,27
2766,2,21,148,115
2767,5,9,278,141
2768,5,5,2,178
2769,5,27,175,54
2770,4,27,360,170
2771,3,24,220,158
2772,2,13,33,185
2773,4,6,160,100
2774,3,29,102,42
2775,3,25,115,73
2776,4,5,211,184
2777,1,14,171,0
2778,3,2,253,15
2779,5,30,42,119
2780,1,16,305,133
2781,3,15,86,200
2782,4,18,209,97
2783,3,22,91,157
2784,1,13,170,11
2785,2,20,182,134
2786,3,7,75,195
2787,3,18,198,17
2788,5,4,196,38
2789,5,27,192,24
2790,5,3,11,1
2791,1,24,88,45
2792,2,21,29,9
2793,4,22,282,164
2794,1,17,112,73
2795,1,2,144,67
2796,5,3,263,37
2797,5,25,64,154
2798,2,14,51,91
2799,5,3,182,77
2800,4,7,168,32
2801,1,16,249,99
2802,5,5,313,151
2803,4,22,277,148
2804,4,5,329,200
2805,4,11,98,97
2806,4,20,205,193
2807,4,24,50,46
2808,1,11,250,17
2809,5,3,303,39
2810,3,23,21,67
2811,4,21,15,169
2812,3,17,98,170
2813,2,22,84,169
2814,2,7,330,87
2815,3,15,151,103
2816,2,14,313,103
2817,4,6,89,115
2818,4,7,323,63
2819,4,18,132,128
2820,4,9,265,76
2821,3,10,155,139
2822,1,27,308,164
2823,1,16,199,170
2824,5,6,167,135
2825,1,18,170,170
2826,4,13,294,136
2827,1,18,254,27
2828,2,3,19,154
2829,5,20,306,6
2830,5,14,177,103
2831,3,3,245,178
2832,4,21,71,33
2833,2,27,303,101
2834,1,5,130,48
2835,2,3,130,16
2836,1,14,224,17
2837,1,6,145,72
2838,5,3,265,6
2839,2,20,229,15
2840,3,27,124,140
2841,1,18,299,190
2842,4,19,224,175
2843,2,12,328,94
2844,1,19,231,143
2845,4,28,30,78
2846,3,25,121,111
2847,1,10,275,146
2848,4,13,267,43
2849,4,12,305,190
2850,5,5,136,73
2851,5,4,92,76
2852,2,14,79,3
2853,2,14,57,38
2854,1,18,339,94
2855,2,2,134,39
2856,3,24,191,30
2857,1,28,281,0
2858,5,1,109,7
2859,5,21,124,96
2860,4,2,34,42
2861,2,10,210,44
2862,2,4,37,38
2863,2,23,130,134
2864,1,26,195,66
2865,1,28,106,160
2866,5,20,38,160
2867,4,29,43,193
2868,3,9,125,188
2869,2,7,269,45
2870,3,22,303,171
2871,2,15,18,173
2872,1,16,62,61
2873,5,8,329,102
2874,4,30,116,21
2875,5,16,5,121
2876,1,20,189,103
2877,1,20,71,52
2878,5,28,261,186
2879,5,9,138,184
2880,5,23,326,143
2881,1,12,273,124
2882,2,11,205,131
2883,1,19,154,182
2884,5,14,272,189
2885,3,18,132,102
2886,5,15,304,158
2887,1,22,29,93
2888,5,1,213,132
2889,1,12,55,81
2890,4,19,292,5
2891,2,24,155,17
2892,3,17,238,156
2893,4,25,6,18
2894,5,19,295,57
2895,5,27,345,136
2896,3,23,348,47
2897,4,21,110,60
2898,2,7,260,153
2899,5,21,103,6
2900,5,1,135,160
2901,5,19,244,199
2902,5,15,198,156
2903,1,12,254,197
2904,1,9,211,142
2905,1,5,117,136
2906,5,18,359,52
2907,1,29,124,4
2908,1,1,4,85
2909,5,24,346,63
2910,1,22,267,123
2911,3,25,281,82
2912,3,1,294,37
2913,5,15,14,53
2914,2,26,250,149
2915,3,16,160,161
2916,3,9,364,115
2917,5,17,345,148
2918,5,3,107,113
2919,1,29,323,193
2920,5,23,31,189
2921,4,1,173,33
2922,4,26,315,52
2923,2,29,172,20
2924,4,12,334,116
2925,4,26,223,32
2926,5,8,33,41
2927,2,22,21,84
2928,3,16,92,6
2929,3,12,52,87
2930,1,4,328,188
2931,5,12,219,21
2932,2,26,243,179
2933,2,22,329,97
2934,2,12,31,53
2935,4,10,198,2
2936,1,15,12,169
2937,1,24,50,198
2938,5,3,54,128
2939,3,14,10,198
2940,4,29,154,162
2941,5,4,73,169
2942,4,3,21,120
2943,5,17,162,170
2944,4,22,84,146
2945,3,30,189,104
2946,2,17,11,164
2947,5,25,297,14
2948,3,4,178,26
2949,1,22,151,120
2950,3,22,120,18
2951,1,28,46,93
2952,5,18,201,15
2953,5,17,281,93
2954,5,21,46,81
2955,3,15,238,195
2956,3,27,198,96
2957,3,17,213,189
2958,2,22,40,170
2959,3,11,158,49
2960,5,17,257,170
2961,3,13,86,156
2962,4,21,4,128
2963,5,10,310,151
2964,3,2,21,124
2965,4,19,201,25
2966,2,7,100,38
2967,1,28,285,16
2968,3,22,238,49
2969,1,13,56,80
2970,3,9,104,109
2971,1,25,358,156
2972,3,29,10,191
2973,3,1,353,83
2974,2,12,130,4
2975,1,4,107,105
2976,3,6,132,134
2977,5,9,223,53
2978,1,17,71,28
2979,5,26,5,96
2980,1,12,141,73
2981,1,8,139,73
2982,2,24,163,172
2983,2,9,309,74
2984,1,12,23,129
2985,1,4,176,186
2986,4,5,143,82
2987,1,28,230,193
2988,3,9,130,100
2989,3,8,226,88
2990,4,16,272,167
2991,2,14,298,172
2992,1,21,10,138
2993,1,2,220,85
2994,4,27,222,139
2995,1,18,283,35
2996,4,2,226,187
2997,1,29,71,196
2998,3,5,7,132
2999,3,15,318,84
3000,1,1,88,78
